metric,value
precision,0.18969444444444444
recall,0.2669325396825397
f1,0.2184859943977591
