metric,value
precision,0.36487698412698416
recall,0.34009090909090905
f1,0.34112645928203195
