Version,Precision,Recall,F1
Original,0.18969444444444444,0.2669325396825397,0.2184859943977591
Improved (Multi-Tag),0.36487698412698416,0.34009090909090905,0.34112645928203195
