Version,Precision,Recall,F1
Original,0.36487698412698416,0.34009090909090905,0.34112645928203195
Enhanced (Multi-Signal),0.36487698412698416,0.34009090909090905,0.34112645928203195
