tag,total_filtered_words,gt_matches,pages,score
h1,227,143,86,0.6299559471365639
b,2,1,1,0.5
div,55,26,21,0.4727272727272727
strong,204,75,22,0.36764705882352944
h3,2062,724,71,0.3511154219204656
a,9446,3256,100,0.34469616769002753
em,6,2,1,0.3333333333333333
h4,6,2,2,0.3333333333333333
p,12708,2335,98,0.18374252439408248
u,11,2,1,0.18181818181818182
li,1248,182,31,0.14583333333333334
span,4841,520,99,0.10741582317702954
td,449,43,3,0.0957683741648107
