metric,value
precision,0.16190476190476188
recall,0.19567271352985638
f1,0.17430906628385617
