metric,mean,median,std
precision,0.1333333333333333,0.14285714285714285,0.10482372943813997
recall,0.15996976568405138,0.16666666666666666,0.12154239937323662
f1,0.14319633214591196,0.15384615384615383,0.10880050275770614
