tag,total_filtered_words,gt_matches,pages,score
h1,23,6,6,0.2608695652173913
em,4,1,1,0.25
a,9312,866,100,0.09299828178694158
h3,90,4,3,0.044444444444444446
span,1221,45,39,0.036855036855036855
li,32,1,1,0.03125
p,9962,282,66,0.028307568761292912
td,418,6,1,0.014354066985645933
strong,91,1,1,0.01098901098901099
